id_formulario,pregunta_1,pregunta_2,pregunta_3,edad,pregunta_4,pregunta_5,pregunta_6,pregunta_7,pregunta_8,pregunta_9,pregunta_10,pregunta_11,pregunta_12,pregunta_13,pregunta_14,pregunta_15,pregunta_16,pregunta_17,pregunta_18,pregunta_19,pregunta_20,pregunta_21,pregunta_22,pregunta_23,pregunta_24,pregunta_25,pregunta_26,pregunta_27,pregunta_28,pregunta_29,pregunta_30,fecha,Tokens
7,Guanajuato,León,2000-06-01,22,M,Ingenieria en Desarrollo y Gestion de Software,4,9,Si,Si,301 a 500,Computadora,No,"Correo electrónico,Plataformas como classroom, teams, etc.,",Poco,"Examen en línea,Prueba escrita abierta,","Examen en línea,Elaboración de trabajos, proyectos y casos,","Examen en línea,","Problemas de conexión,Dificultad para preguntar dudas durante el examen,Excesiva carga de trabajo,",Mucho,Regular,Regular,De 3 a 4 horas,Igual que si hubiera ido a clase,Regular,Regular,Regular,Nada,"Estudio,Trabajo,Apoyo en casa,",Si,"Pues me ayudaba mucho en tema económica, ese es un aspecto positivo y negativo seria los problemas con las conexiones de internet e infraestructura",2022-07-13,"pues,ayudaba,tema,económica,aspecto,positivo,negativo,seria,problemas,conexiones,internet,infraestructura"
8,Guanajuato,León,2000-10-30,21,F,Ingenieria en Desarrollo y Gestion de Software,2,9,Compartido,Si,501 o más,Computadora,Si,"Plataformas como classroom, teams, etc.,",Poco,"Examen oral,Examen en línea,Elaboración de trabajos, proyectos y casos,","Examen en línea,Elaboración de trabajos, proyectos y casos,","Examen en línea,Elaboración de trabajos, proyectos y casos,","Problemas de conexión,Dificultad para preguntar dudas durante el examen,Nervios adicionales por la incertidumbre ante la evaluación online,Excesiva carga de trabajo,Exámenes escritos a resolver en tiempo reducido,Coincidencia de entregar de trabajos de distintas asignaturas,",Regular,Muy poco,Poco,Más de 7 horas,Menos que si hubiera ido a clase,Regular,Mucho,Mucho,Nada,"Estudio,Apoyo en casa,Cuidado de menores/mayores,",No,Las distracciones dentro de la modalidad virtual son muchas ,2022-07-15,"distracciones,dentro,modalidad,virtual,muchas"
9,Guanajuato,León,2000-12-15,21,M,Ingenieria en Desarrollo y Gestion de Software,2,9,No,Si,501 o más,Computadora,Si,"Correo electrónico,Plataformas como classroom, teams, etc.,",Regular,"Examen oral,Examen en línea,Elaboración de trabajos, proyectos y casos,","Examen en línea,Prueba escrita abierta,","Examen en línea,","Problemas de conexión,Dificultad para preguntar dudas durante el examen,Nervios adicionales por la incertidumbre ante la evaluación online,Excesiva carga de trabajo,Exámenes escritos a resolver en tiempo reducido,Coincidencia de entregar de trabajos de distintas asignaturas,",Regular,Regular,Regular,Más de 7 horas,Menos que si hubiera ido a clase,Muy poco,Mucho,Regular,Nada,"Estudio,Apoyo en casa,Cuidado de menores/mayores,",No,Positivos el ahorro de tiempo de transporte y facilidad de uso de herramientas. Negativo la carga de trabajo y mal aprendizaje,2022-07-15,"positivos,ahorro,tiempo,transporte,facilidad,uso,herramientas,negativo,carga,trabajo,mal,aprendizaje"
10,Guanajuato,León,2000-11-20,21,M,Ingenieria en Desarrollo y Gestion de Software,4,9,Compartido,Si,501 o más,Computadora,No,"Plataformas como classroom, teams, etc.,",Muy poco,"Examen en línea,Elaboración de trabajos, proyectos y casos,","Examen en línea,Elaboración de trabajos, proyectos y casos,","Examen en línea,","Problemas de conexión,Excesiva carga de trabajo,Exámenes escritos a resolver en tiempo reducido,Coincidencia de entregar de trabajos de distintas asignaturas,",Poco,Poco,Muy poco,Más de 7 horas,Menos que si hubiera ido a clase,Regular,Mucho,Regular,Nada,"Estudio,Trabajo,Apoyo en casa,",No,"Positivo, el transporte.  Negativo, los tiempos excesivos de atender la computadora.",2022-07-15,"positivo,transporte,negativo,tiempos,excesivos,atender,computadora"
11,Guanajuato,León,2001-07-24,21,M,Ingenieria en Desarrollo y Gestion de Software,2,9,Si,Si,301 a 500,Celular,Si,"Correo electrónico,Plataformas como classroom, teams, etc.,",Regular,"Examen en línea,Prueba escrita abierta,Elaboración de trabajos, proyectos y casos,","Examen en línea,Elaboración de trabajos, proyectos y casos,","Examen en línea,","Problemas de conexión,Dificultad para preguntar dudas durante el examen,Nervios adicionales por la incertidumbre ante la evaluación online,Excesiva carga de trabajo,Exámenes escritos a resolver en tiempo reducido,Coincidencia de entregar de trabajos de distintas asignaturas,",Poco,Regular,Poco,Más de 7 horas,Menos que si hubiera ido a clase,Mucho,Regular,Mucho,Mucho,"Estudio,Apoyo en casa,",Si,"Creo que, inicialmente, resultaba grato sin embargo, mientras mas tiempo pasaba, se volvia pesado, y algunos profesores no respetaban los limites de clase.",2022-07-15,"creo,inicialmente,resultaba,grato,embargo,mientras,mas,tiempo,pasaba,volvia,pesado,profesores,respetaban,limites,clase"
12,Guanajuato,León,1997-07-16,25,M,Ingenieria en Desarrollo y Gestion de Software,1,9,Si,Si,301 a 500,Computadora,No,"Correo electrónico,Plataformas como classroom, teams, etc.,",Poco,"Examen en línea,Elaboración de trabajos, proyectos y casos,","Examen en línea,Elaboración de trabajos, proyectos y casos,","Examen en línea,","Problemas de conexión,Nervios adicionales por la incertidumbre ante la evaluación online,Excesiva carga de trabajo,Exámenes escritos a resolver en tiempo reducido,Coincidencia de entregar de trabajos de distintas asignaturas,",Mucho,Poco,Regular,De 5 a 6 horas,Igual que si hubiera ido a clase,Poco,Poco,Muy poco,Nada,"Estudio,Apoyo en casa,Cuidado de menores/mayores,",Si,Se puede estudiar desde cualquier lugar sin necesidad de desplazarse.,2022-07-15,"puede,estudiar,cualquier,lugar,necesidad,desplazarse"
13,Guanajuato,León,1997-07-16,25,M,Ingenieria en Desarrollo y Gestion de Software,1,9,Si,Si,301 a 500,Computadora,No,"Correo electrónico,Plataformas como classroom, teams, etc.,",Poco,"Examen en línea,Elaboración de trabajos, proyectos y casos,","Examen en línea,Elaboración de trabajos, proyectos y casos,","Examen en línea,","Problemas de conexión,Nervios adicionales por la incertidumbre ante la evaluación online,Excesiva carga de trabajo,Exámenes escritos a resolver en tiempo reducido,Coincidencia de entregar de trabajos de distintas asignaturas,",Mucho,Poco,Regular,De 5 a 6 horas,Igual que si hubiera ido a clase,Poco,Poco,Muy poco,Nada,"Estudio,Apoyo en casa,Cuidado de menores/mayores,",Si,Se puede estudiar desde cualquier lugar sin necesidad de desplazarse.,2022-07-15,"puede,estudiar,cualquier,lugar,necesidad,desplazarse"
14,Guanajuato,León,2001-07-31,21,M,Ingenieria en Desarrollo y Gestion de Software,2,9,Compartido,Si,301 a 500,Computadora,No,"Correo electrónico,Plataformas como classroom, teams, etc.,",Regular,"Examen en línea,Elaboración de trabajos, proyectos y casos,","Examen oral,Examen en línea,","Examen en línea,","Problemas de conexión,Excesiva carga de trabajo,Exámenes escritos a resolver en tiempo reducido,Coincidencia de entregar de trabajos de distintas asignaturas,",Regular,Mucho,Regular,Más de 7 horas,Menos que si hubiera ido a clase,Regular,Mucho,Mucho,Nada,"Estudio,Apoyo en casa,Cuidado de menores/mayores,",No,"Positivamente no tienes que transportarte hasta la escuela, negativamente los maestros no respetan los das de clase para dejar y solicitar sus actividades",2022-07-15,"positivamente,transportarte,escuela,negativamente,maestros,respetan,das,clase,dejar,solicitar,actividades"
15,Guanajuato,León,2001-03-14,21,M,Ingenieria en Desarrollo y Gestion de Software,2,9,Si,Si,301 a 500,Computadora,No,"Correo electrónico,Plataformas como classroom, teams, etc.,",Muy poco,"Examen en línea,Elaboración de trabajos, proyectos y casos,","Examen en línea,Elaboración de trabajos, proyectos y casos,","Examen en línea,Prueba escrita abierta,","Problemas de conexión,Nervios adicionales por la incertidumbre ante la evaluación online,Excesiva carga de trabajo,Coincidencia de entregar de trabajos de distintas asignaturas,",Regular,Regular,Regular,De 5 a 6 horas,Igual que si hubiera ido a clase,Muy poco,Muy poco,Muy poco,Poco,"Apoyo en casa,Otros,",Si,Positivo No ver de nuevo a ellos y un negativo por la conexion lenta o fallas electricas,2022-07-15,"positivo,ver,nuevo,negativo,conexion,lenta,fallas,electricas"
16,Guanajuato,León,1999-07-14,23,F,Ingenieria en Desarrollo y Gestion de Software,4,9,Compartido,Si,501 o más,Computadora,Si,"Plataformas como classroom, teams, etc.,",Poco,"Examen en línea,Elaboración de trabajos, proyectos y casos,","Examen en línea,Elaboración de trabajos, proyectos y casos,","Examen en línea,","Problemas de conexión,Dificultad para preguntar dudas durante el examen,Excesiva carga de trabajo,Coincidencia de entregar de trabajos de distintas asignaturas,",Regular,Poco,Regular,De 3 a 4 horas,Igual que si hubiera ido a clase,Regular,Mucho,Regular,Nada,"Estudio,Trabajo,Apoyo en casa,",Si,Ahorro de tiempo,2022-07-15,"ahorro,tiempo"
17,Guanajuato,León,1999-09-20,22,M,Ingenieria en Desarrollo y Gestion de Software,2,9,Si,Si,501 o más,Computadora,No,"Plataformas como classroom, teams, etc.,",Regular,"Examen en línea,Prueba escrita abierta,Elaboración de trabajos, proyectos y casos,","Examen en línea,Elaboración de trabajos, proyectos y casos,","Examen en línea,","Problemas de conexión,Dificultad para preguntar dudas durante el examen,Nervios adicionales por la incertidumbre ante la evaluación online,Exámenes escritos a resolver en tiempo reducido,",Muy poco,Regular,Regular,Más de 7 horas,Menos que si hubiera ido a clase,Regular,Mucho,Mucho,Nada,"Estudio,",No,"Positivo, que hay comodidad estando en la casa y negativo, que no logro comprender bien los temas",2022-07-15,"positivo,comodidad,casa,negativo,logro,comprender,bien,temas"
18,Guanajuato,León,1999-05-01,23,M,Ingenieria en Desarrollo y Gestion de Software,4,9,Si,Si,301 a 500,Computadora,No,"Correo electrónico,Plataformas como classroom, teams, etc.,",Mucho,"Examen oral,Examen en línea,Elaboración de trabajos, proyectos y casos,","Examen en línea,","Examen en línea,Prueba escrita abierta,","Problemas de conexión,Dificultad para preguntar dudas durante el examen,Excesiva carga de trabajo,Exámenes escritos a resolver en tiempo reducido,Coincidencia de entregar de trabajos de distintas asignaturas,",Regular,Mucho,Muy poco,De 5 a 6 horas,Menos que si hubiera ido a clase,Regular,Mucho,Mucho,Muy poco,"Estudio,",No,Que no aprendi o comprendi bien los temas dificiles que veia en casa y considero que perdi la mitad de la carrera durante el confinamiento,2022-07-15,"aprendi,comprendi,bien,temas,dificiles,veia,casa,considero,perdi,mitad,carrera,confinamiento"
19,Guanajuato,León,2000-06-07,22,M,Ingenieria en Desarrollo y Gestion de Software,4,9,Si,Si,301 a 500,Computadora,No,"Correo electrónico,Plataformas como classroom, teams, etc.,",Poco,"Examen en línea,Elaboración de trabajos, proyectos y casos,","Examen en línea,Elaboración de trabajos, proyectos y casos,","Examen en línea,","Nervios adicionales por la incertidumbre ante la evaluación online,Excesiva carga de trabajo,",Regular,Mucho,Mucho,Más de 7 horas,Igual que si hubiera ido a clase,Muy poco,Regular,Poco,Nada,"Estudio,Apoyo en casa,",Si,"Como aspectos positivos destacaria el ahorro de dinero para transporte y negativo, la comunicacion y forma de expresion que se siente al estar hablando todo el tiempo a una pantalla",2022-07-15,"aspectos,positivos,destacaria,ahorro,dinero,transporte,negativo,comunicacion,forma,expresion,hablando,tiempo,pantalla"
20,Guanajuato,Guanajuato,2001-02-08,21,M,Ingenieria en Desarrollo y Gestion de Software,2,9,No,Si,501 o más,Computadora,Si,"Plataformas como classroom, teams, etc.,",Muy poco,"Examen en línea,Elaboración de trabajos, proyectos y casos,","Examen en línea,Elaboración de trabajos, proyectos y casos,","Examen en línea,","Problemas de conexión,Dificultad para preguntar dudas durante el examen,",Regular,Muy poco,Poco,De 5 a 6 horas,Menos que si hubiera ido a clase,Mucho,Mucho,Mucho,Poco,"Cuidado de menores/mayores,",No,"Es mejor la escuela en linea porque no tengo tantos gastos, pero prefiero ir a la universidad.",2022-07-15,"mejor,escuela,linea,tantos,gastos,prefiero,ir,universidad"
21,Guanajuato,León,2000-02-21,22,M,Ingenieria en Desarrollo y Gestion de Software,5,9,Si,Si,501 o más,Computadora,Si,"Correo electrónico,Plataformas como classroom, teams, etc.,",Regular,"Examen en línea,Elaboración de trabajos, proyectos y casos,","Examen en línea,Elaboración de trabajos, proyectos y casos,","Examen en línea,","Problemas de conexión,Excesiva carga de trabajo,Exámenes escritos a resolver en tiempo reducido,",Mucho,Regular,Regular,Más de 7 horas,Igual que si hubiera ido a clase,Mucho,Regular,Mucho,Nada,"Estudio,Trabajo,Apoyo en casa,",Si,"Aprendi a gestionar un poco las plataformas de aprendizaje como teams o classroms, ya que eso fue la razon para tomar una baja temporal en TSU.",2022-07-15,"aprendi,gestionar,plataformas,aprendizaje,teams,classroms,razon,tomar,baja,temporal,tsu"
22,Guanajuato,León,1999-01-24,23,M,Ingenieria en Desarrollo y Gestion de Software,4,9,Si,Si,501 o más,Computadora,Si,"Plataformas como classroom, teams, etc.,",Regular,"Examen en línea,Elaboración de trabajos, proyectos y casos,","Examen en línea,Elaboración de trabajos, proyectos y casos,","Examen en línea,","Excesiva carga de trabajo,",Poco,Muy poco,Regular,Más de 7 horas,Menos que si hubiera ido a clase,Muy poco,Regular,Regular,Nada,"Estudio,Trabajo,Apoyo en casa,Cuidado de menores/mayores,",Si,.,2022-07-15,
23,Guanajuato,León,2001-03-26,21,M,Ingenieria en Desarrollo y Gestion de Software,2,9,Si,Si,301 a 500,Computadora,Si,"Correo electrónico,Plataformas como classroom, teams, etc.,",Regular,"Examen oral,Examen en línea,Elaboración de trabajos, proyectos y casos,","Examen en línea,Elaboración de trabajos, proyectos y casos,","Examen en línea,","Problemas de conexión,Dificultad para preguntar dudas durante el examen,Nervios adicionales por la incertidumbre ante la evaluación online,Coincidencia de entregar de trabajos de distintas asignaturas,",Regular,Regular,Regular,De 6 a 7 horas,Menos que si hubiera ido a clase,Regular,Mucho,Mucho,Nada,"Estudio,Trabajo,Apoyo en casa,Cuidado de menores/mayores,",No,Que se poda hacer trampa en los examenes,2022-07-15,"poda,hacer,trampa,examenes"
24,Guanajuato,Silao de la Victoria,2001-03-25,21,F,Ingenieria en Desarrollo y Gestion de Software,3,9,Si,Si,301 a 500,Computadora,Si,"Correo electrónico,Plataformas como classroom, teams, etc.,",Muy poco,"Examen en línea,Elaboración de trabajos, proyectos y casos,","Examen en línea,Elaboración de trabajos, proyectos y casos,","Examen oral,Examen en línea,","Problemas de conexión,Dificultad para preguntar dudas durante el examen,Excesiva carga de trabajo,",Mucho,Regular,Regular,Más de 7 horas,Menos que si hubiera ido a clase,Regular,Regular,Regular,Nada,"Estudio,Apoyo en casa,",Si,"Positivos es que no gastaba en pasaje y ahorraba tiempo en el transporte y comia  a mis horas. Negativo es que pierdo tiempo en el transporte, gasto dinero y no como  a mis horas",2022-07-15,"positivos,gastaba,pasaje,ahorraba,tiempo,transporte,comia,horas,negativo,pierdo,tiempo,transporte,gasto,dinero,horas"
25,Guanajuato,León,2000-10-26,21,M,Ingenieria en Desarrollo y Gestion de Software,3,9,Si,Si,501 o más,Computadora,No,"Plataformas como classroom, teams, etc.,",Poco,"Examen en línea,","Examen en línea,Elaboración de trabajos, proyectos y casos,","Examen en línea,","Problemas de conexión,Excesiva carga de trabajo,Exámenes escritos a resolver en tiempo reducido,",Regular,Regular,Regular,De 3 a 4 horas,Igual que si hubiera ido a clase,Regular,Mucho,Regular,Nada,"Apoyo en casa,",Si,La flexibilidad que se tenia al realizar trabajos y tareas ya que no se gastaba tiempo en transportes. Lo negativo fue las desconexiones de internet o de luz me eran cosntantes,2022-07-15,"flexibilidad,tenia,realizar,trabajos,tareas,gastaba,tiempo,transportes,negativo,desconexiones,internet,luz,cosntantes"
26,Guanajuato,León,2000-06-07,22,M,Ingenieria en Desarrollo y Gestion de Software,5,9,Si,Si,101 a 300,Computadora,No,"Correo electrónico,Plataformas como classroom, teams, etc.,",Regular,"Examen en línea,Elaboración de trabajos, proyectos y casos,","Examen en línea,Elaboración de trabajos, proyectos y casos,","Examen en línea,","Problemas de conexión,Excesiva carga de trabajo,Coincidencia de entregar de trabajos de distintas asignaturas,",Regular,Regular,Regular,De 3 a 4 horas,Menos que si hubiera ido a clase,Regular,Mucho,Regular,Regular,"Estudio,Trabajo,",Si,"Era mas sencillo estudiar y trabajar y menos pesado tambien a mi parecer, ya que la exigencia en estos momentos de algunos profesores resulta asfixiante",2022-07-15,"mas,sencillo,estudiar,trabajar,menos,pesado,tambien,parecer,exigencia,momentos,profesores,resulta,asfixiante"
27,Guanajuato,León,2000-10-30,21,F,Ingenieria en Desarrollo y Gestion de Software,3,9,No,Si,501 o más,Computadora,No,"Correo electrónico,Plataformas como classroom, teams, etc.,",Regular,"Examen en línea,Elaboración de trabajos, proyectos y casos,","Examen en línea,Elaboración de trabajos, proyectos y casos,","Examen en línea,","Problemas de conexión,Nervios adicionales por la incertidumbre ante la evaluación online,Excesiva carga de trabajo,Exámenes escritos a resolver en tiempo reducido,",Regular,Regular,Poco,De 6 a 7 horas,Menos que si hubiera ido a clase,Poco,Regular,Regular,Regular,"Estudio,Apoyo en casa,",Si,Mas tiempo para hacer trabajos y el negativo pues que se entiende muy poco el tema por el tiempo de respuesta asa los alumnos de parte de los metros ,2022-07-15,"mas,tiempo,hacer,trabajos,negativo,pues,entiende,tema,tiempo,respuesta,asa,alumnos,parte,metros"
28,Guanajuato,León,2000-12-01,21,M,Ingenieria en Desarrollo y Gestion de Software,3,9,No,Si,301 a 500,Computadora,Si,"Plataformas como classroom, teams, etc.,",Poco,"Examen en línea,Elaboración de trabajos, proyectos y casos,","Examen en línea,Elaboración de trabajos, proyectos y casos,","Examen en línea,","Problemas de conexión,Dificultad para preguntar dudas durante el examen,Excesiva carga de trabajo,Exámenes escritos a resolver en tiempo reducido,",Regular,Poco,Regular,Más de 7 horas,Igual que si hubiera ido a clase,Mucho,Mucho,Regular,Regular,"Estudio,Apoyo en casa,Cuidado de menores/mayores,",Si,Aprendi a mas a ser autodidacta las aclaraciones de dudas era mas  tardado,2022-07-15,"aprendi,mas,ser,autodidacta,aclaraciones,dudas,mas,tardado"
29,Guanajuato,León,2000-12-03,21,M,Ingenieria en Desarrollo y Gestion de Software,2,9,Compartido,No,50 a 100,Computadora,Si,"Plataformas como classroom, teams, etc.,",Mucho,"Examen oral,Examen en línea,Prueba escrita abierta,Elaboración de trabajos, proyectos y casos,","Examen en línea,","Examen oral,Examen en línea,","Problemas de conexión,Dificultad para preguntar dudas durante el examen,Nervios adicionales por la incertidumbre ante la evaluación online,",Regular,Mucho,Regular,De 5 a 6 horas,Más que si hubiera ido a clase,Regular,Regular,Poco,Nada,"Estudio,Trabajo,",Si,El hecho de que no me expona  a contraer el virus de covid,2022-07-15,"hecho,expona,contraer,virus,covid"
30,Guanajuato,León,2000-12-27,21,F,Ingenieria en Desarrollo y Gestion de Software,2,9,No,No,301 a 500,Computadora,Si,"Correo electrónico,Plataformas como classroom, teams, etc.,",Regular,"Examen en línea,Elaboración de trabajos, proyectos y casos,","Examen oral,Examen en línea,","Examen en línea,","Problemas de conexión,Nervios adicionales por la incertidumbre ante la evaluación online,",Poco,Poco,Poco,De 3 a 4 horas,Menos que si hubiera ido a clase,Regular,Mucho,Mucho,Poco,"Estudio,Trabajo,",No,Me ahorraba lo del transporte que son como tres  horas,2022-07-15,"ahorraba,transporte,tres,horas"
31,Guanajuato,León,2001-07-02,21,M,Ingenieria en Desarrollo y Gestion de Software,2,9,Si,Si,301 a 500,Computadora,No,"Plataformas como classroom, teams, etc.,",Muy poco,"Examen en línea,Prueba escrita abierta,Elaboración de trabajos, proyectos y casos,","Examen en línea,Elaboración de trabajos, proyectos y casos,","Examen en línea,","Problemas de conexión,Excesiva carga de trabajo,Exámenes escritos a resolver en tiempo reducido,",Regular,Poco,Regular,De 3 a 4 horas,Igual que si hubiera ido a clase,Poco,Mucho,Regular,Muy poco,"Estudio,Apoyo en casa,Cuidado de menores/mayores,",Si,"Positivo, No habia covid, segundo parcial del cuatrimestre presencial y ya hay comunmente casos de esto, No tenia que ir en camion, Se acababan las clases y ya andaba en mi casa, Negativo, pues si se extranniaba convivir con los compannieros, enserio no ennie simbolo de pregunta",2022-07-15,"positivo,habia,covid,segundo,parcial,cuatrimestre,presencial,comunmente,casos,tenia,ir,camion,acababan,clases,andaba,casa,negativo,pues,si,extranniaba,convivir,compannieros,enserio,ennie,simbolo,pregunta"
32,Guanajuato,Guanajuato,2000-05-31,22,M,Ingenieria en Desarrollo y Gestion de Software,4,9,Compartido,Si,301 a 500,Celular,Si,"Correo electrónico,Plataformas como classroom, teams, etc.,",Regular,"Examen en línea,Elaboración de trabajos, proyectos y casos,","Examen en línea,Elaboración de trabajos, proyectos y casos,","Examen en línea,","Problemas de conexión,Nervios adicionales por la incertidumbre ante la evaluación online,Excesiva carga de trabajo,Exámenes escritos a resolver en tiempo reducido,Coincidencia de entregar de trabajos de distintas asignaturas,",Mucho,Regular,Regular,De 6 a 7 horas,Más que si hubiera ido a clase,Poco,Regular,Muy poco,Muy poco,"Estudio,Trabajo,Apoyo en casa,",Si,"Que la flexibilidad era mas para los que trabajamos, podas ingenirtelas si tenias algun problema con Internet y pues de malo cuando llueve JAJAJAJA",2022-07-15,"flexibilidad,mas,trabajamos,podas,ingenirtelas,si,tenias,algun,problema,internet,pues,malo,llueve,jajajaja"
33,Guanajuato,León,2000-03-22,22,M,Ingenieria en Desarrollo y Gestion de Software,4,9,Si,Si,501 o más,Computadora,No,"Plataformas como classroom, teams, etc.,Grupos de WhatsApp,",Regular,"Examen en línea,Elaboración de trabajos, proyectos y casos,","Examen en línea,Elaboración de trabajos, proyectos y casos,","Examen en línea,","Problemas de conexión,Nervios adicionales por la incertidumbre ante la evaluación online,Excesiva carga de trabajo,Exámenes escritos a resolver en tiempo reducido,Coincidencia de entregar de trabajos de distintas asignaturas,",Regular,Regular,Regular,De 5 a 6 horas,Más que si hubiera ido a clase,Regular,Mucho,Muy poco,Nada,"Trabajo,Apoyo en casa,",Si,nada,2022-07-15,
34,Guanajuato,León,1996-08-15,25,M,Ingenieria en Desarrollo y Gestion de Software,5,9,No,Si,501 o más,Computadora,No,"Plataformas como classroom, teams, etc.,",Poco,"Examen oral,Prueba escrita abierta,Elaboración de trabajos, proyectos y casos,","Examen en línea,Elaboración de trabajos, proyectos y casos,","Examen en línea,","Problemas de conexión,Excesiva carga de trabajo,",Mucho,Mucho,Mucho,De 6 a 7 horas,Más que si hubiera ido a clase,Poco,Muy poco,Poco,Nada,"Estudio,Apoyo en casa,",Si,Todos,2022-07-15,
35,Guanajuato,León,1997-08-18,24,M,Ingenieria en Desarrollo y Gestion de Software,5,9,Si,Si,301 a 500,Computadora,No,"Plataformas como classroom, teams, etc.,",Regular,"Examen oral,Examen en línea,Elaboración de trabajos, proyectos y casos,","Examen en línea,Elaboración de trabajos, proyectos y casos,","Examen en línea,","Problemas de conexión,Exámenes escritos a resolver en tiempo reducido,",Mucho,Mucho,Mucho,De 3 a 4 horas,Más que si hubiera ido a clase,Regular,Regular,Poco,Nada,"Estudio,Trabajo,Apoyo en casa,",Si,En lo positivo desarrolle una autonomia de aprendizaje muy fuerte sin embargo el contacto humano tambien es importante,2022-07-15,"positivo,desarrolle,autonomia,aprendizaje,fuerte,embargo,contacto,humano,tambien,importante"
36,Guerrero,Pungarabato,2001-03-08,21,F,Ingenieria en Desarrollo y Gestion de Software,2,8,Compartido,Si,301 a 500,Computadora,No,"Correo electrónico,Plataformas como classroom, teams, etc.,",Muy poco,"Examen en línea,Prueba escrita abierta,Elaboración de trabajos, proyectos y casos,","Examen en línea,Elaboración de trabajos, proyectos y casos,","Examen en línea,","Problemas de conexión,Excesiva carga de trabajo,",Regular,Muy poco,Regular,Más de 7 horas,Igual que si hubiera ido a clase,Muy poco,Mucho,Muy poco,Nada,"Estudio,Apoyo en casa,",Si,"Negativos son mala conexion a internet, no respetar los horarios de la universidad. Buenos son no gastar en pasajes, no perder tiempo en transporte",2022-07-15,"negativos,mala,conexion,internet,respetar,horarios,universidad,buenos,gastar,pasajes,perder,tiempo,transporte"
37,Guanajuato,León,2001-09-28,20,M,Ingenieria en Desarrollo y Gestion de Software,2,9,No,Si,301 a 500,Computadora,No,"Plataformas como classroom, teams, etc.,",Regular,"Examen en línea,Prueba escrita abierta,Elaboración de trabajos, proyectos y casos,","Examen en línea,Elaboración de trabajos, proyectos y casos,","Examen en línea,","Problemas de conexión,Dificultad para preguntar dudas durante el examen,Excesiva carga de trabajo,Exámenes escritos a resolver en tiempo reducido,Coincidencia de entregar de trabajos de distintas asignaturas,",Regular,Regular,Regular,Más de 7 horas,Menos que si hubiera ido a clase,Regular,Mucho,Mucho,Nada,"Estudio,Trabajo,Cuidado de menores/mayores,",No,Tuve la oportunidad de mejor mi autoaprendizaje,2022-07-16,"oportunidad,mejor,autoaprendizaje"
38,Guanajuato,León,1998-10-31,23,M,Ingenieria en Desarrollo y Gestion de Software,6,9,Compartido,Si,501 o más,Computadora,No,"Correo electrónico,Plataformas como classroom, teams, etc.,",Regular,"Examen en línea,Elaboración de trabajos, proyectos y casos,","Examen en línea,Elaboración de trabajos, proyectos y casos,","Examen en línea,","Problemas de conexión,Exámenes escritos a resolver en tiempo reducido,",Regular,Regular,Regular,Más de 7 horas,Igual que si hubiera ido a clase,Regular,Regular,Regular,Nada,"Estudio,Trabajo,",No,Que los tiempos no son los mimos para entregas y que puede haber complicaciones al momento de las dudas con los maestros,2022-07-16,"tiempos,mimos,entregas,puede,haber,complicaciones,momento,dudas,maestros"
39,Guanajuato,León,2001-08-19,20,M,Ingenieria en Desarrollo y Gestion de Software,2,9,Si,Si,301 a 500,Computadora,Si,"Correo electrónico,Plataformas como classroom, teams, etc.,",Muy poco,"Examen en línea,Elaboración de trabajos, proyectos y casos,","Examen en línea,Elaboración de trabajos, proyectos y casos,","Examen en línea,","Problemas de conexión,Exámenes escritos a resolver en tiempo reducido,Coincidencia de entregar de trabajos de distintas asignaturas,",Mucho,Regular,Regular,Más de 7 horas,Igual que si hubiera ido a clase,Muy poco,Muy poco,Muy poco,Nada,"Estudio,",Si,"Como positivo, que tenia mas tiempo para las tareas, ya que no me trasladaba en camion, como negativo, es que a veces el estres por las tareas era demasiado.",2022-07-16,"positivo,tenia,mas,tiempo,tareas,trasladaba,camion,negativo,veces,estres,tareas,demasiado"
40,Guanajuato,León,1999-02-28,23,F,Ingenieria en Desarrollo y Gestion de Software,2,9,Compartido,Si,301 a 500,Computadora,No,"Correo electrónico,Plataformas como classroom, teams, etc.,",Poco,"Examen en línea,Elaboración de trabajos, proyectos y casos,","Examen en línea,Elaboración de trabajos, proyectos y casos,","Examen en línea,","Problemas de conexión,Nervios adicionales por la incertidumbre ante la evaluación online,Excesiva carga de trabajo,Exámenes escritos a resolver en tiempo reducido,Coincidencia de entregar de trabajos de distintas asignaturas,",Regular,Regular,Regular,Más de 7 horas,Igual que si hubiera ido a clase,Regular,Mucho,Poco,Mucho,"Apoyo en casa,Cuidado de menores/mayores,",Si,"En aspectos positivos que podia aprovechar mas el tiempo para realizar las actividades o tareas, ya que no se perdia el tiempo en el traslado a la universidad y un aspecto negativo es que a veces fallaba la conexion a internet y por esos minutos que se perdia ya no se comprendia bien el tema que explicaba el profesor o profesora",2022-07-16,"aspectos,positivos,podia,aprovechar,mas,tiempo,realizar,actividades,tareas,perdia,tiempo,traslado,universidad,aspecto,negativo,veces,fallaba,conexion,internet,minutos,perdia,comprendia,bien,tema,explicaba,profesor,profesora"
41,Guanajuato,León,2001-03-03,21,M,Ingenieria en Desarrollo y Gestion de Software,2,9,No,No,501 o más,Celular,Si,"Correo electrónico,Plataformas como classroom, teams, etc.,",Regular,"Examen en línea,Elaboración de trabajos, proyectos y casos,","Examen en línea,Elaboración de trabajos, proyectos y casos,","Examen en línea,","Problemas de conexión,Dificultad para preguntar dudas durante el examen,Nervios adicionales por la incertidumbre ante la evaluación online,Excesiva carga de trabajo,Exámenes escritos a resolver en tiempo reducido,Coincidencia de entregar de trabajos de distintas asignaturas,",Regular,Regular,Muy poco,Más de 7 horas,Menos que si hubiera ido a clase,Muy poco,Mucho,Poco,Nada,"Estudio,Trabajo,Apoyo en casa,",Si,"Algo positivo era que se podian grabar las clases si el internet presentaba fallas, algo negativo era que habia muchas actividades por entregar.",2022-07-16,"positivo,podian,grabar,clases,si,internet,presentaba,fallas,negativo,habia,muchas,actividades,entregar"
43,Nuevo León,Juárez,2000-01-09,22,M,Ingenieria en Desarrollo y Gestion de Software,2,9,Compartido,Si,501 o más,Computadora,No,"Plataformas como classroom, teams, etc.,",Poco,"Examen en línea,Elaboración de trabajos, proyectos y casos,","Examen en línea,Elaboración de trabajos, proyectos y casos,","Examen en línea,","Problemas de conexión,Excesiva carga de trabajo,",Regular,Poco,Regular,Más de 7 horas,Igual que si hubiera ido a clase,Mucho,Mucho,Regular,Nada,"Estudio,Apoyo en casa,",No,"Lo positivo fue que me agradaba no tener que trasladarme, lo negativo fue no ver a mis amigos.",2022-07-16,"positivo,agradaba,tener,trasladarme,negativo,ver,amigos"
44,Puebla,Venustiano Carranza,2001-10-05,20,M,Ingenieria en Desarrollo y Gestion de Software,2,9,Si,Si,301 a 500,Computadora,No,"Plataformas como classroom, teams, etc.,",Muy poco,"Examen en línea,Elaboración de trabajos, proyectos y casos,","Examen en línea,Elaboración de trabajos, proyectos y casos,","Examen en línea,","Problemas de conexión,",Mucho,Regular,Poco,Más de 7 horas,Menos que si hubiera ido a clase,Regular,Regular,Poco,Nada,"Estudio,Trabajo,",No,Los aspectos positivos es que estuve mas cerca a mi familia y los negativos es que aprendi menos cosas.,2022-07-16,"aspectos,positivos,mas,cerca,familia,negativos,aprendi,menos,cosas"
45,Guanajuato,León,1999-09-26,22,M,Ingenieria en Desarrollo y Gestion de Software,5,9,Si,No,301 a 500,Computadora,Si,"Correo electrónico,Plataformas como classroom, teams, etc.,",Poco,"Examen en línea,Elaboración de trabajos, proyectos y casos,","Examen en línea,Elaboración de trabajos, proyectos y casos,","Examen en línea,","Problemas de conexión,Nervios adicionales por la incertidumbre ante la evaluación online,Coincidencia de entregar de trabajos de distintas asignaturas,",Mucho,Regular,Regular,Más de 7 horas,Igual que si hubiera ido a clase,Poco,Regular,Regular,Nada,"Estudio,Apoyo en casa,",Si,"Me ahorre el tiempo de transporte, el costo del mismo lo inverti en el servicio de internet No tenia camara al principio, y los profes, de inicio, pedian que la prendieramos.",2022-07-16,"ahorre,tiempo,transporte,costo,mismo,inverti,servicio,internet,tenia,camara,principio,profes,inicio,pedian,prendieramos"
46,Guanajuato,León,2000-02-14,22,M,Ingenieria en Desarrollo y Gestion de Software,2,9,No,Si,101 a 300,Computadora,No,"Plataformas como classroom, teams, etc.,Grupos de WhatsApp,",Regular,"Examen en línea,Elaboración de trabajos, proyectos y casos,","Examen en línea,Prueba escrita abierta,","Examen en línea,","Problemas de conexión,",Mucho,Regular,Regular,Más de 7 horas,Menos que si hubiera ido a clase,Regular,Mucho,Mucho,Muy poco,"Estudio,Trabajo,Apoyo en casa,",Si,Como aspectos positivos la posibilidad de organizar mis actividades diarias de trabajo y personales. Aspectos negativos como la curva de aprendizaje y la falta de motivacion para seguir estudiando,2022-07-16,"aspectos,positivos,posibilidad,organizar,actividades,diarias,trabajo,personales,aspectos,negativos,curva,aprendizaje,falta,motivacion,seguir,estudiando"
47,Guanajuato,León,2000-10-18,21,M,Ingenieria en Desarrollo y Gestion de Software,2,9,Compartido,Si,301 a 500,Computadora,No,"Correo electrónico,Plataformas como classroom, teams, etc.,",Poco,"Examen oral,Examen en línea,Prueba escrita abierta,Elaboración de trabajos, proyectos y casos,","Examen en línea,Elaboración de trabajos, proyectos y casos,","Examen en línea,","Problemas de conexión,Excesiva carga de trabajo,Exámenes escritos a resolver en tiempo reducido,",Mucho,Mucho,Regular,De 6 a 7 horas,Más que si hubiera ido a clase,Poco,Poco,Muy poco,Nada,"Estudio,Trabajo,Apoyo en casa,Cuidado de menores/mayores,Otros,",Si,La explicacion no era suficiente y nos hicimos mas autodidactas. Ademas que aprendimos demasiadas herramientas de comunicacion que no sabiamos manejar completamente.,2022-07-16,"explicacion,suficiente,hicimos,mas,autodidactas,ademas,aprendimos,demasiadas,herramientas,comunicacion,sabiamos,manejar,completamente"
48,Guanajuato,León,1999-10-24,22,M,Ingenieria en Desarrollo y Gestion de Software,2,9,Compartido,Si,301 a 500,Computadora,No,"Correo electrónico,Plataformas como classroom, teams, etc.,",Regular,"Examen en línea,Elaboración de trabajos, proyectos y casos,","Examen en línea,Elaboración de trabajos, proyectos y casos,","Examen oral,Examen en línea,","Problemas de conexión,Excesiva carga de trabajo,Coincidencia de entregar de trabajos de distintas asignaturas,",Regular,Regular,Poco,Más de 7 horas,Menos que si hubiera ido a clase,Poco,Poco,Poco,Mucho,"Trabajo,",No,"El lado positivo de la virtualidad es que se ahorra en los pasajes de camion, administras mejor tu tiempo ya que no vas  a la escuela, sin embargo el lado negativo es que los profesores dejaban una excesiva cantidad de trabajo y habian temas que ellos aun no explicaban.",2022-07-16,"lado,positivo,virtualidad,ahorra,pasajes,camion,administras,mejor,tiempo,vas,escuela,embargo,lado,negativo,profesores,dejaban,excesiva,cantidad,trabajo,habian,temas,aun,explicaban"
49,Guanajuato,León,2000-10-10,21,M,Ingenieria en Desarrollo y Gestion de Software,2,9,Si,Si,301 a 500,Computadora,No,"Correo electrónico,Plataformas como classroom, teams, etc.,",Poco,"Examen en línea,Prueba escrita abierta,Elaboración de trabajos, proyectos y casos,","Examen en línea,Elaboración de trabajos, proyectos y casos,","Examen en línea,","Problemas de conexión,Nervios adicionales por la incertidumbre ante la evaluación online,Excesiva carga de trabajo,Exámenes escritos a resolver en tiempo reducido,",Regular,Regular,Regular,Más de 7 horas,Igual que si hubiera ido a clase,Poco,Regular,Muy poco,Poco,"Estudio,Trabajo,Apoyo en casa,",Si,"Como aspectos positivos, serian el aprovechamiento del tiempo, ahorro de energia y dinero, seguridad al estar en casa, buena alimentacion, buena disposicion a las clases y buen aprendizaje dependiendo de la persona. Como aspectos negativos, personalmente el estar en confinamiento durante tanto tiempo, comenzaba a generarme ansiedad por el hecho de estar mucho tiempo sin interaccion social.",2022-07-16,"aspectos,positivos,serian,aprovechamiento,tiempo,ahorro,energia,dinero,seguridad,casa,buena,alimentacion,buena,disposicion,clases,buen,aprendizaje,dependiendo,persona,aspectos,negativos,personalmente,confinamiento,tiempo,comenzaba,generarme,ansiedad,hecho,tiempo,interaccion,social"
50,Guanajuato,León,2000-08-26,21,M,Ingenieria en Desarrollo y Gestion de Software,4,9,Si,Si,301 a 500,Computadora,Si,"Correo electrónico,Plataformas como classroom, teams, etc.,",Muy poco,"Examen en línea,Prueba escrita abierta,Elaboración de trabajos, proyectos y casos,","Examen en línea,Elaboración de trabajos, proyectos y casos,","Examen en línea,","Problemas de conexión,Exámenes escritos a resolver en tiempo reducido,Coincidencia de entregar de trabajos de distintas asignaturas,",Mucho,Mucho,Regular,De 5 a 6 horas,Más que si hubiera ido a clase,Regular,Regular,Regular,Nada,"Estudio,Trabajo,Apoyo en casa,",Si,"Como positivo, pienso que el tiempo de translado, al no tener que salir, podias aprovechar el tiempo de translado para realizar alguna tarea o practica pendiente. Y como negativo, la falta de comunicacion entre los alumnos y maestros, no digo que sea mala, pero no es lo mismo que en clases presenciales ",2022-07-16,"positivo,pienso,tiempo,translado,tener,salir,podias,aprovechar,tiempo,translado,realizar,alguna,tarea,practica,pendiente,negativo,falta,comunicacion,alumnos,maestros,digo,mala,mismo,clases,presenciales"
51,Guanajuato,León,2000-02-21,22,M,Ingenieria en Desarrollo y Gestion de Software,5,9,Compartido,Si,501 o más,Computadora,Si,"Correo electrónico,Plataformas como classroom, teams, etc.,",Muy poco,"Examen en línea,Prueba escrita abierta,Elaboración de trabajos, proyectos y casos,","Examen en línea,Elaboración de trabajos, proyectos y casos,","Examen en línea,","Problemas de conexión,Excesiva carga de trabajo,Exámenes escritos a resolver en tiempo reducido,Coincidencia de entregar de trabajos de distintas asignaturas,",Regular,Regular,Regular,De 6 a 7 horas,Igual que si hubiera ido a clase,Regular,Regular,Regular,Nada,"Estudio,Apoyo en casa,Cuidado de menores/mayores,",Si,"El poder tener toda a la mano para poder realizar investigaciones o resolver algunas dudas, otra tambien que no tenia que trasladarme hasta la escuela, por lo cual ese tiempo lo aprovechaba para terminar o aventajar algunos pendientes que tuviera por realizar",2022-07-16,"poder,tener,toda,mano,poder,realizar,investigaciones,resolver,dudas,tambien,tenia,trasladarme,escuela,tiempo,aprovechaba,terminar,aventajar,pendientes,realizar"
52,Guanajuato,León,2000-06-09,22,M,Ingenieria en Desarrollo y Gestion de Software,5,9,Si,Si,501 o más,Computadora,No,"Correo electrónico,Plataformas como classroom, teams, etc.,",Muy poco,"Examen en línea,Elaboración de trabajos, proyectos y casos,","Examen en línea,Elaboración de trabajos, proyectos y casos,","Examen en línea,","Problemas de conexión,Dificultad para preguntar dudas durante el examen,Exámenes escritos a resolver en tiempo reducido,Coincidencia de entregar de trabajos de distintas asignaturas,",Regular,Mucho,Poco,De 5 a 6 horas,Menos que si hubiera ido a clase,Mucho,Mucho,Mucho,Regular,"Estudio,Trabajo,Apoyo en casa,Cuidado de menores/mayores,",No,"Los puntos positivos era la comodidad en casa, y los negativos era que a veces no se podian resolver determinadas dudas",2022-07-16,"puntos,positivos,comodidad,casa,negativos,veces,podian,resolver,determinadas,dudas"
53,Guanajuato,León,2001-02-15,21,M,Ingenieria en Desarrollo y Gestion de Software,2,9,Compartido,Si,501 o más,Computadora,Si,"Plataformas como classroom, teams, etc.,",Muy poco,"Examen en línea,Elaboración de trabajos, proyectos y casos,","Examen en línea,Elaboración de trabajos, proyectos y casos,","Examen en línea,","Problemas de conexión,Exámenes escritos a resolver en tiempo reducido,",Mucho,Regular,Mucho,De 3 a 4 horas,Más que si hubiera ido a clase,Poco,Regular,Muy poco,Nada,"Trabajo,",Si,En clases en linea es mucho mas facil ya que tanto es ahorro de dinero como ahorro de tiempo,2022-07-16,"clases,linea,mas,facil,ahorro,dinero,ahorro,tiempo"
54,Guanajuato,León,1997-06-28,25,M,Ingenieria en Desarrollo y Gestion de Software,6,9,Compartido,Si,301 a 500,Computadora,No,"Correo electrónico,Plataformas como classroom, teams, etc.,",Muy poco,"Examen en línea,Elaboración de trabajos, proyectos y casos,","Examen en línea,Elaboración de trabajos, proyectos y casos,","Examen en línea,","Problemas de conexión,Nervios adicionales por la incertidumbre ante la evaluación online,Exámenes escritos a resolver en tiempo reducido,",Regular,Poco,Regular,De 5 a 6 horas,Igual que si hubiera ido a clase,Regular,Regular,Regular,Nada,"Trabajo,Apoyo en casa,Cuidado de menores/mayores,",Si,Podria mejor la comunicacion por parte de los maestro y alumnos,2022-07-16,"podria,mejor,comunicacion,parte,maestro,alumnos"
55,Guanajuato,León,2000-03-26,22,M,Ingenieria en Desarrollo y Gestion de Software,5,9,Si,Si,501 o más,Computadora,No,"Correo electrónico,Plataformas como classroom, teams, etc.,",Mucho,"Examen oral,Examen en línea,","Examen oral,Examen en línea,","Examen en línea,","Problemas de conexión,Dificultad para preguntar dudas durante el examen,Excesiva carga de trabajo,Exámenes escritos a resolver en tiempo reducido,",Regular,Regular,Regular,De 6 a 7 horas,Igual que si hubiera ido a clase,Regular,Mucho,Mucho,Nada,"Estudio,Apoyo en casa,",Si,positivos es que tenias mas tiempo y negativos era tal vez que se fuera el internet o la luz,2022-07-16,"positivos,tenias,mas,tiempo,negativos,tal,vez,internet,luz"
56,Guanajuato,León,1999-09-18,22,M,Ingenieria en Desarrollo y Gestion de Software,5,9,No,Si,301 a 500,Computadora,No,"Correo electrónico,Plataformas como classroom, teams, etc.,",Regular,"Examen en línea,Prueba escrita abierta,Elaboración de trabajos, proyectos y casos,","Examen en línea,Elaboración de trabajos, proyectos y casos,","Examen en línea,","Problemas de conexión,Nervios adicionales por la incertidumbre ante la evaluación online,Exámenes escritos a resolver en tiempo reducido,Coincidencia de entregar de trabajos de distintas asignaturas,",Regular,Poco,Regular,De 3 a 4 horas,Menos que si hubiera ido a clase,Poco,Poco,Regular,Muy poco,"Estudio,Trabajo,Apoyo en casa,",Si,Mi trabajo me permite no estar necesariamente de forma presencial para poder ejercerlo,2022-07-16,"trabajo,permite,necesariamente,forma,presencial,poder,ejercerlo"
